Business Name,Phone,Address,Rating,Email
The Dental Specialists,099594 48800,"8-2-598/A/1, Road No. 10, Near Star Hospitals, Gaffar Khan Colony, Banjara Hills, Hyderabad, Telangana 500034",4.9,N/A
Dantam The Dental Lounge | Gachibowli / Hitech City,099121 86174,"1st floor, Opposite Jayabheri Nexa, to, Gachibowli - Miyapur Rd, above Titan EyePlus, Anjaiah Nagar, Gachibowli, Hyderabad, Telangana 500032",4.9,N/A
Brite Smiles Dental Clinic,092471 46357,"flat no 104, retibowli,near mehdipatnam,opp to pillar no 35 range view apartment, Hyderabad, Telangana 500006",4.8,N/A
National Dental Care | Best Dental Clinic in Kphb Kukatpally,091692 69369,"F9PR+536, Kukatpally Housing Board Colony, K P H B Phase 3, Kukatpally, Hyderabad, Telangana 500072",4.7,N/A
"Ameerpet Dental Hospital, Braces & Implant Centre",099896 91114,"6-3-788/19/B, opp. Metro Pillar A1080, opp. Sithara Hotel, Punjagutta Officers Colony, Ameerpet, Hyderabad, Telangana 500016",4.8,N/A
Dr. Motiwala Dental Clinic & Implant Center,099596 14584,"2nd Floor, VVC Park View Complex, Road No. 1, beside CVR Health & News Building, Navanirman Nagar Colony, Jubilee Hills, Hyderabad, Telangana 500033",4.9,N/A
Signature Smiles Dental Hospital,098851 28980,"Metro pillar 1556 & 1557, Sreeman Rama Tower, Ground Floor, Shop No. 22 & 23, Chaitanyapuri Main Rd, beside Manepally jewellers, Hyderabad, Telangana 500060",4.9,N/A
"Dr Smiles Dental Clinic - Vidyanagar, Hyderabad",098490 77320,"1-9-1113/27/c, Vidya Nagar, Dayanand Nagar, Adikmet, Hyderabad, Telangana 500044",5,N/A
"GA Dental Clinic - Banjara Hills, Hyderabad",095054 43330,"Banjara Castle, Diagonal to Century Hospital, 1, Road No. 12, opp. ELBIT Diagnostics, Amrutha Estate, Sri Ram Nagar Colony, Banjara Hills, Hyderabad, Telangana 500028",4.8,N/A
Smiline dental hospital,096761 00045,"Punjagutta, 8-3-952/10/2 & 2/1, Srinagar Colony Main Rd, Nagarjuna Nagar colony, Yella Reddy Guda, Hyderabad, Telangana 500073",4.8,N/A
FMS DENTAL Hospital | Best dental clinic in Koti,088866 43223,"H. No. 5, Ayanger Plaza, 1-680/1/1, Bank St, adj. Central Bank of India, Troop Bazaar, Koti, Hyderabad, Telangana 500001",4.8,N/A
"Clove Dental Clinic - Himayathnagar, Hyderabad",040 3824 5763,"Apurupa LN Chambers, near Telugu Academy, AP State Housing Board, Himayatnagar, Hyderabad, Telangana 500029",4.8,N/A
National Dental Care |,091692 69369,"3rd Floor, Survey No 6/1, Plot No 24 & 25, near Maharaja Hotel, P Janardhan Reddy Nagar, Gachibowli, Hyderabad, Telangana 500032",4.9,N/A
Dezy Dental Clinic - Somajiguda - Implants & Aligners Experts,076187 92440,"No 6-3-1093, UG1VV VIntage Boulevard, Somajiguda, Hyderabad, Telangana 500082",4.9,N/A
"Clove Dental Clinic in Jubilee Hills Road No 1, Hyderabad",040 3824 5760,"above Bentley showroom Parkview complex, Navanirman Nagar Colony, Jubilee Hills, Hyderabad, Telangana 500096",4.8,N/A
HYDERABAD DENTAL HOSPITAL & IMPLANT CENTRE,097058 56879,"Minerva Hotel Lane, 3-6-236/1, beside Mirosa Cafe, AP State Housing Board, Himayatnagar, Hyderabad, Telangana 500029",5,N/A
"Eledent Dental Hospital | Best Dental Clinic in Kondapur, Hyderabad",077996 39994,"3rd floor, K1 Primo Building, Bus Stop, above Ratnadeep Super Market, Hanuman Nagar, Kondapur, Hyderabad, Telangana 500084",4.9,N/A
Sowjanya Dental Hospitals,090004 55700,"sreemukh complex, 1st floor, 3-6-198/F/7, Himayat Nagar Rd, adj. to Westside mall, Hyderabad, Telangana 500029",4.7,N/A
FMS International Dental Center - Advanced Dental Implant Clinic,088850 60770,"Door No. 8-2-293/82/A/725 Road No. 37, Hitech City Rd, near Daspalla Hotel, CBI Colony, Jubilee Hills, Hyderabad, Telangana 500033",4.9,N/A
"Soft Smile Dental Clinic | Dentist | Aligners, Dental Implants, Orthodontics & Broken Tooth Treatment | Hyderabad",040 2457 3641,"20-6-479/1,Shah ali banda, Adjacent Mata Manikeshwari Petrol Pump, 20-5-398-7-6, Falaknuma Rd, Roop Lal Bazar, Syed Ali Chabutra, Zohra Colony, Shah Ali Banda, Hyderabad, Telangana 500002",4.6,N/A
Smiline dental hospital,096761 00045,"Punjagutta, 8-3-952/10/2 & 2/1, Srinagar Colony Main Rd, Nagarjuna Nagar colony, Yella Reddy Guda, Hyderabad, Telangana 500073",4.8,N/A
Smiline dental hospital,096761 00045,"Punjagutta, 8-3-952/10/2 & 2/1, Srinagar Colony Main Rd, Nagarjuna Nagar colony, Yella Reddy Guda, Hyderabad, Telangana 500073",4.8,N/A
H Dental - Nizampet,087124 61799,"H Dental, 3rd, Nizampet Rd, opp. Asian Cinemas, Kukatpally Housing Board Colony, IDPL Staff Cooperative Housing Society, Kukatpally, Hyderabad, Telangana 500085",4.9,N/A
Sharath Dental Implant clinic,084640 52262,"8-2-13/2, Behind Big Bazaar, Opposite My Home Madhuban above aquaden aquarium shop srinagar colony Main road, Nagarjuna Nagar Colony Yellareddy Guda, Punjagutta, Hyderabad, Telangana 500073",4.9,N/A
Diamond Multispeciality Dental Clinic,096030 23562,"Fair View Plaza, 6-269, Himayat Nagar Rd, Gagan Mahal, Domalguda, Himayatnagar, Hyderabad, Telangana 500029",4.9,N/A
Diamond Multispeciality Dental Clinic,096030 23562,"Fair View Plaza, 6-269, Himayat Nagar Rd, Gagan Mahal, Domalguda, Himayatnagar, Hyderabad, Telangana 500029",4.9,N/A
"Dr Reddis Dental Clinic - Best Dentist in Kondapur, Hyderabad | Braces Specialist",083099 37571,"A, First Floor, 2-41/14, X' Road, opp. RATNADEEP SUPER MARKET, Kondapur, Hanuman Nagar, Prashanth Nagar Colony, Gachibowli, Hyderabad, Telangana 500084",5,N/A
Smiline Dental Hospital,040 2980 4422,"Matha Bhuvaneswari society, Matha Bhuvaneswari Society, Plot No. 4, opp. CGS, Madhapur, Khanammet, Hyderabad, Telangana 500081",4.9,N/A
"Focus Dental Care & Dental Implant Center in Hyderabad, India",096031 72172,"3rd Floor, Millennium Square, Park Junction, above RATNADEEP SUPERMARKET, near Biodiversity, Lumbini Avenue, Gachibowli, Hyderabad, Telangana 500032",4.9,N/A
"Ameerpet Dental Hospital, Braces & Implant Centre",099896 91114,"6-3-788/19/B, opp. Metro Pillar A1080, opp. Sithara Hotel, Punjagutta Officers Colony, Ameerpet, Hyderabad, Telangana 500016",4.8,N/A
"Clove Dental Clinic in Jubilee Hills Road No 1, Hyderabad",040 3824 5760,"above Bentley showroom Parkview complex, Navanirman Nagar Colony, Jubilee Hills, Hyderabad, Telangana 500096",4.8,N/A
THE TOOTH DENTAL STUDIO By Dr. Mohammed Imran Ali Dental Clinic,099663 40056,"Nasr Plaza, Plot No 158, above UCO Bank, beside Honda Showroom, Surya Nagar, Toli Chowki, Hyderabad, Telangana 500008",5,N/A
THE TOOTH DENTAL STUDIO By Dr. Mohammed Imran Ali Dental Clinic,099663 40056,"Nasr Plaza, Plot No 158, above UCO Bank, beside Honda Showroom, Surya Nagar, Toli Chowki, Hyderabad, Telangana 500008",5,N/A
Project Smiles Dental,074162 21536,"A-1, First floor, Banjara Gardens Apartment, 8-2-677, Apartments, Road No. 12, Banjara Hills, Hyderabad, Telangana 500034",5,N/A
Galaxy Dental Care | Best Dental Clinic In Banjara Hills,086866 76781,"35/ D1, Road No. 12, opposite Exotica Restaurant, Anand Banjara Colony, Banjara Hills, Hyderabad, Telangana 500028",4.9,N/A
Park Dental Care (Banjara Hills) | Invisalign Treatment Centre | Invisalign Provider Hyderabad | Dental Implants,090003 21822,"Ground Floor, 8-2-120/112/P/1, beside Talwar Hyundai, Park View Enclave, Banjara Hills, Hyderabad, Telangana 500034",5,N/A
Pradham Dental,095024 99938,"Pradham dental, bheemas junction, above health and glove, ou colony road, Manikonda Rd, Shaikpet, Manikonda, Hyderabad, Telangana 500104",4.9,N/A
Dental World-Best Dental Clinic-Pragathi nagar,082474 78663,"2nd floor, Sri Vijaya, Lakshmi Nilayam, Pragathi Nagar Rd, near NAN convention centre, Kakatiya Hills, ALEAP Industrial Area, Gajularamaram, Hyderabad, Telangana 500090",5,N/A
"Soft Smile Dental Clinic | Dentist | Aligners, Dental Implants, Orthodontics & Broken Tooth Treatment | Hyderabad",040 2457 3641,"20-6-479/1,Shah ali banda, Adjacent Mata Manikeshwari Petrol Pump, 20-5-398-7-6, Falaknuma Rd, Roop Lal Bazar, Syed Ali Chabutra, Zohra Colony, Shah Ali Banda, Hyderabad, Telangana 500002",4.6,N/A
"Soft Smile Dental Clinic | Dentist | Aligners, Dental Implants, Orthodontics & Broken Tooth Treatment | Hyderabad",040 2457 3641,"20-6-479/1,Shah ali banda, Adjacent Mata Manikeshwari Petrol Pump, 20-5-398-7-6, Falaknuma Rd, Roop Lal Bazar, Syed Ali Chabutra, Zohra Colony, Shah Ali Banda, Hyderabad, Telangana 500002",4.6,N/A
"Dr Smiles Dental Clinic - Vidyanagar, Hyderabad",098490 77320,"1-9-1113/27/c, Vidya Nagar, Dayanand Nagar, Adikmet, Hyderabad, Telangana 500044",5,N/A
"Dr Smiles Dental Clinic - Vidyanagar, Hyderabad",098490 77320,"1-9-1113/27/c, Vidya Nagar, Dayanand Nagar, Adikmet, Hyderabad, Telangana 500044",5,N/A
"Ekadanta Dental Care - Root Canal & Invisalign Specialists in Kondapur, Hyderabad",094413 62331,"No-A18, 1st Floor, Block A, H.No-1, Botanical Garden Rd, Sri Ram Nagar, Camelot Layout, Kondapur, Hyderabad, Telangana 500084",4.9,N/A
Alux Dental Clinic,076761 11999,"ALUX DENTAL House No : 8-2-293/82/j/B1 Second and Third Floor Journalist's Colony, Road No. 92, Jubilee Hills, Hyderabad, Telangana 500096",4.8,N/A
"Apollo Dental Clinic, Kondapur",099632 62774,"Service Center, Aura Dental Clinic - Dr Siva Nagini 473/c 2nd floor, C block, 474 C, opp. Gem motors, Raghavendra Colony, kondapur, Hyderabad, Telangana 500084",4.7,N/A
Dr. Jaydev Dental Cinic,095734 44411,"1333A, House no, 82-A, Plot No, 8-2-293, Rd Number 60, Jubilee Hills, Hyderabad, Telangana 500033",4.9,N/A
Apollo Dental Clinic,088008 81347,"Survey No: 24, 3rd Floor, Door. No - 1, 118/24, above Maxivision Building, opp. to Cyber Towers, Madhapur, Telangana 500081",4.7,N/A
FMS DENTAL CLINICS - Langar House,088866 43234,"H. No. 9-1-43/52, Prashanth Nagar Bapu Nagar, opposite Bus Stop, Langar Houz, Hyderabad, Telangana 500008",4.7,N/A
Mohan Dental Clinic - Kukatpally,083740 79369,"Metro Pillar No : A, 1st Floor, 827, Balaji Nagar Main Rd, above HDFC bank, Kukatpally, Hyderabad, Telangana 500072",4.9,N/A
Mohan Dental Clinic - Kukatpally,083740 79369,"Metro Pillar No : A, 1st Floor, 827, Balaji Nagar Main Rd, above HDFC bank, Kukatpally, Hyderabad, Telangana 500072",4.9,N/A
FMS DENTAL Hospital | Best dental clinic in Koti,088866 43223,"H. No. 5, Ayanger Plaza, 1-680/1/1, Bank St, adj. Central Bank of India, Troop Bazaar, Koti, Hyderabad, Telangana 500001",4.8,N/A
FMS DENTAL Hospital | Best dental clinic in Koti,088866 43223,"H. No. 5, Ayanger Plaza, 1-680/1/1, Bank St, adj. Central Bank of India, Troop Bazaar, Koti, Hyderabad, Telangana 500001",4.8,N/A
Dent Health,095058 11811,"1st Floor, Plot No. 46, Banjara Hills Rd Number 3, UBI Colony, Andhra Pradesh Real Estate, Green Valley, Banjara Hills, Hyderabad, Telangana 500034",5,N/A
Mourya Dental Clinic - Advanced Aesthetic Dentistry,086883 37634,"Mourya Dental Clinic- ""Advanced Aesthetic Dentistry, Lakshmi Bai Krishna Nivas, Barkatpura Rd, opposite Shyamala Reddy Girls Junior College, Chitrapuri Colony, Lingampally, Narayanguda, Hyderabad, Telangana 500027",5,N/A
Kigo Dental & TMJ Treatment Hospital,099988 84398,"2nd Floor, QUBE, Plot No: 3, 64/A, Kavuri Hills Rd, CBI Colony, Jubilee Hills, Hyderabad, Telangana 500033",4.9,N/A
The Dental Experts,081254 39878,"Aparna Green, 201, above ICICI BANK, Nanakramguda, Hyderabad, Telangana 500032",5,N/A
V DENTIS DENTAL CARE,085000 46888,"K 156, SWARAJ MANSION, 8-2-293, Srinagar Colony Main Rd, beside VIN FLORA HOTEL, Sri Nagar Colony, Phase III, Banjara Hills, Hyderabad, Telangana 500045",5,N/A
Dezy Dental Clinic - Somajiguda - Implants & Aligners Experts,076187 92440,"No 6-3-1093, UG1VV VIntage Boulevard, Somajiguda, Hyderabad, Telangana 500082",4.9,N/A
"Clove Dental Clinic - Shaikpet, Hyderabad",040 3824 5760,"West World, COMMERCIAL COMPLEX, Opp: International School, Old Mumbai Hwy, above Karachi Bakery, AP Animal Husbandry Employees Colony, Shaikpet, Hyderabad, Telangana 500104",4.7,N/A
"Asian Dental Hospital | Best Dental Clinic in Kondapur, Hyderabad",099592 87499,"Amplio Building, 1st Floor, Ravi Enclave, opp. Aparna Towers Road, Hanuman Nagar, Kondapur, Hyderabad, Telangana 500084",4.9,N/A
"Toot Dental - Best Dental Clinic in S R Nagar, Hyderabad",092480 41005,"2nd Floor, Opp:Umesh Chandra Statue, above Big C Mobiles, Vengal Rao Nagar, Sanjeeva Reddy Nagar, Hyderabad, Telangana 500038",4.9,N/A
"Toot Dental - Best Dental Clinic in S R Nagar, Hyderabad",092480 41005,"2nd Floor, Opp:Umesh Chandra Statue, above Big C Mobiles, Vengal Rao Nagar, Sanjeeva Reddy Nagar, Hyderabad, Telangana 500038",4.9,N/A
"Partha Dental Clinic | Best Dental Clinic in Himayatnagar, Hyderabad | Aligners, Braces, RCT & Dental Implants",081219 91010,"Liberty X Road, next to TTD Temple, opp. Dadus, Gagan Mahal, Domalguda, Himayatnagar, Hyderabad, Telangana 500029",4.7,N/A
Dr Kamala Family Dental Clinic,093909 78433,"2nd floor, 8-3-949, behind Image Hospitals Lane, Pratap Nagar, Nagarjuna Nagar colony, Ameerpet, Hyderabad, Telangana 500073",4.9,N/A
Partha Dental Clinic | Best Dental Clinic in Jubilee Hills,091211 42631,"Road No: 10, above Axis Bank, beside Ratnadeep supermarket, Gayatri Hills, Jubilee Hills, Hyderabad, Telangana 500045",4.8,N/A
Platina Dental Clinic | Smile Design & Implant Center | KPHB,085001 61986,"1st, JAWAHARLAL NEHRU TECHNOLOGICAL UNIVERSITY, MIG 42, Kukatpally Housing Board Colony, Dharma Reddy Colony Phase I, Kukatpally, Hyderabad, Telangana 500072",4.9,N/A
"Clove Dental Clinic - Mehdipatnam, Hyderabad",040 3824 5760,"Asif Nagar Rd, above Lakme Salon, behind Rythu Bazar, Royal Colony, Mehdipatnam, Hyderabad, Telangana 500006",4.8,N/A
"Clove Dental Clinic in Botanical Gardens, Hyderabad",040 6926 0059,"Kranti Complex, Sri Ram Nagar Colony Masidbanda Road, Botanical Garden Rd, below American laser Eye Hospital, Hyderabad, Telangana 500084",4.8,N/A
"Clove Dental Clinic in Botanical Gardens, Hyderabad",040 6926 0059,"Kranti Complex, Sri Ram Nagar Colony Masidbanda Road, Botanical Garden Rd, below American laser Eye Hospital, Hyderabad, Telangana 500084",4.8,N/A
Dr. Gowds Dental Hospital - Gachibowli,080 6529 5030,"Survey no. 59, plot no, Fantasy Square, T9/T8, 3rd Floor, 1 & 2 I, Gachibowli, Hyderabad, Telangana 500032",4.7,N/A
SMYLIFE DENTAL CLINIC,091334 94255,"The Forum Sujana Mall, HIG 540/8, old, KPHB 6th Phase Rd, beside Medplus and adithya pharmacy, opposite to Nexus mall, Hyderabad, Telangana 500085",5,N/A
"Clove Dental Clinic - Kukatpally, Hyderabad",040 6926 0057,"Ganesh Plaza, Hitech City Main Rd, opp. MIG Bus Stop, JNTU, Kukatpally Housing Board Colony, K P H B Phase 6, Kukatpally, Hyderabad, Telangana 500085",4.8,N/A
"Clove Dental Clinic - Kukatpally, Hyderabad",040 6926 0057,"Ganesh Plaza, Hitech City Main Rd, opp. MIG Bus Stop, JNTU, Kukatpally Housing Board Colony, K P H B Phase 6, Kukatpally, Hyderabad, Telangana 500085",4.8,N/A
"Partha Dental Clinic - Ameerpet, Hyderabad | దంత వైద్యశాల | Invisalign Provider | Best Dental Clinic",090306 22077,"Dharam Karan Rd, above Health & Glow, opp. MCH Sports Complex, ShivBagh, Balkampet, Hyderabad, Telangana 500016",4.5,N/A
Diamond Multi Speciality Dental Clinic,070955 17512,"15-7-555, Begum Bazaar Chatri, Fish Market, Begum Bazar, Afzal Gunj, Hyderabad, Telangana 500012",4.8,N/A
Dr Sris Dental & Implant Clinic,063025 75104,"TM YADAV COMPLEX, Gokul Plaza, B3, above Jagdamba Jewellers, Rajiv gandhi Nagar, Gachibowli, Hyderabad, Telangana 500032",5,N/A
Dr Sris Dental & Implant Clinic,063025 75104,"TM YADAV COMPLEX, Gokul Plaza, B3, above Jagdamba Jewellers, Rajiv gandhi Nagar, Gachibowli, Hyderabad, Telangana 500032",5,N/A
Ocean International Dental Hospitals,090006 67738,"2nd Floor, D-BLOCK, Pardha's Picasa, Durgam Cheruvu Rd, above Vijetha Super Market, Madhapur, Hyderabad, Telangana 500081",5,N/A
"Clove Dental Clinic - Gudimalkapur, Hyderabad",040 6913 4112,"above Swiss Castle, Balaji Nagar, Gudimalkapur, Hyderabad, Telangana 500006",4.9,N/A
"Clove Dental Clinic - DD Colony, Hyderabad",040 3824 5763,"Above Kanva Mart, Shivam Road, Bathukammakunta Rd, adj. GHMC Meals, opp. to Papaji Da Dhaba, Hyderabad, Telangana 500044",4.9,N/A
"Clove Dental Clinic - DD Colony, Hyderabad",040 3824 5763,"Above Kanva Mart, Shivam Road, Bathukammakunta Rd, adj. GHMC Meals, opp. to Papaji Da Dhaba, Hyderabad, Telangana 500044",4.9,N/A
Shambhala Dental Spa & Wholeness,091772 67979,"4th floor;PLOTNO:4;SURVEYNO:118, ANAGHA BUILDING, JGD, next to Phoenix Greens International School, Kokapet, Hyderabad, Telangana 500075",4.9,N/A
Hyderabad Dental,040 2404 3070,"beside Kanakadurga, AP State Housing Board, Durga Nagar, Krishna Nagar, Dilsukhnagar, Hyderabad, Telangana 500060",5,N/A
Siri Dental Hospital,097042 29955,"SECOND FLOOR,NAGARJUNA ICON, above CROMA ELECTRONICS, Hyderabad, Telangana 500084",4.9,N/A
"Apollo Dental Clinic, Somajiguda | Best Dental Clinic in Hyderabad | Root Canals, Aligners, Implants, Crowns",088008 81347,"Maxivision Eye Hospital 3rd floor, 1, 6-3-903, a, 1, Raj Bhavan Rd, opp. Yashoda Hospital, Durga Nagar Colony, Somajiguda, Hyderabad, Telangana 500082",4.9,N/A
Partha Dental Clinic | Best Dental Clinic in Dilsukhnagar,092811 19613,"opp. Muthoot Fincorp, near Shalivahana Hospital, Shalivahana Nagar, Shalivahana Nagar Colony, Dilsukhnagar, Hyderabad, Telangana 500036",4.9,N/A
"Esthetix Dental - Best Dental Clinic in Jubilee Hills, Hyderabad",083414 97999,"Phase 3, Plot no, Jubilee Hills, 293, Road No. 78, near Padmalaya Studios, Film Nagar, Hyderabad, Telangana 500110",5,N/A
"thedentist.clinic - Best Dental Clinic in Gachibowli, Hyderabad",082978 91188,"FIRST FLOOR, Near: Biodiversity Park, Gachibowli Rd, inside Boston Diabetes & Maple Gastro, above Ratnadeep, Lumbini Avenue, Gachibowli, Hyderabad, Telangana 500032",4.9,N/A
S2 DENTAL | Best Dental Clinic In Hyderabad | Dental Implants,099485 11770,"First floor, plot no 31, above Bandhan Bank, opposite cyber towers, Jaihind Enclave, HITEC City, Hyderabad, Telangana 500081",5,N/A
Brace Dental Clinics,099124 77770,"Priya Talkies Lane, New Mallepally, Hyderabad, 500001, Hyderabad, Telangana 500001",4.9,N/A
Brace Dental Clinics,099124 77770,"Priya Talkies Lane, New Mallepally, Hyderabad, 500001, Hyderabad, Telangana 500001",4.9,N/A
Maha Dental Clinic,081062 37339,"Shop number 8, Mahmood Habib complex, Maha Dental center, 2-584/1 to 3, Rd Number 9, opp. to St Alphonsus church, Banjara Hills, Hyderabad, Telangana 500034",5,N/A
Elite Dental Clinic,070320 78789,"2nd floor, Artham's Arcade, above Vijaya Diagnostics, Kondapur, Raghavendra Colony, Gachibowli, Hyderabad, Telangana 500084",4.9,N/A
Dr Varsha's Dental Clinic,077023 42117,"8-1, 40/A/9, beside New HP Petrol Pump, Bentoubavdi, Samata Colony, Qutub Shahi Tombs, Hyderabad, Telangana 500008",4.9,N/A
"Clove Dental Clinic in Madhapur, Hyderabad",040 6926 0057,"Hitech City Rd, opp. Metro Pillar No. 43, above Pulla Reddy Sweets, Kavuri Hills, Madhapur, Hyderabad, Telangana 500081",4.8,N/A
"Eledent Dental Hospitals | Best Dental Clinic in Kukatpally, Hyderabad",090598 90578,"1st Floor, MIG-160, Rd Number 1, opp. Holisitic Hospital, above Lenskart, Kukatpally Housing Board Colony, K P H B Phase 1, Kukatpally, Hyderabad, Telangana 500072",4.9,N/A
"Partha Dental Clinic - Attapur, Hyderabad | దంత వైద్యశాల | Invisalign Provider | Aligners, Braces, RCT & Dental Implants",091211 42636,"Pillar Number 135, Above Airtel Office, G & G Trade Center, Opp:, Attapur, Hyderabad, Telangana 500048",4.7,N/A
Clove Dental Clinic,040 6926 0057,"near Jubilee Ridge Hotel, above IQ Store, Guttala_Begumpet, Kavuri Hills, Madhapur, Hyderabad, Telangana 500081",4.8,N/A
"Smile care Dental Hospital - Best Dental Clinic in kothapet,tooth alingers in kothapet",085000 03922,"DSNR 11-9-7, 1, New Nagole Main Rd, SBI Colony, Kothapet, Hyderabad, Telangana 500102",4.8,N/A
"Smile care Dental Hospital - Best Dental Clinic in kothapet,tooth alingers in kothapet",085000 03922,"DSNR 11-9-7, 1, New Nagole Main Rd, SBI Colony, Kothapet, Hyderabad, Telangana 500102",4.8,N/A
"Clove Dental Clinic - Gachibowli, Hyderabad",040 6926 0059,"above Hdfc bank diamond point, Vinayak Nagar, Indira Nagar, Gachibowli, Hyderabad, Telangana 500032",4.8,N/A
Amma Dental,070936 27129,"H.No - 8-3-232/CC17, APSFC Colony, Venkatagiri, Yousufguda, Hyderabad, Telangana 500045",4.9,N/A
Shambhala Dental Spa & Wholeness,091772 67979,"4th floor;PLOTNO:4;SURVEYNO:118, ANAGHA BUILDING, JGD, next to Phoenix Greens International School, Kokapet, Hyderabad, Telangana 500075",4.9,N/A
"Park Dental Care Kondapur, HITEC City | Best Dental clinic in Kondapur, Hitech City",062628 58524,"2nd Floor, Plot no 54, Jubilee Enclave, HITEC City, Kondapur, Hyderabad, Telangana 500081",5,N/A
Amma Dental,070936 27129,"H.No - 8-3-232/CC17, APSFC Colony, Venkatagiri, Yousufguda, Hyderabad, Telangana 500045",4.9,N/A
"Arjun Dental Clinic - Manikonda, Hyderabad | Dental Implants Centre",073965 76966,"Part, First Floor, 8-1-284, OU/385/3, Road, beside Central Bus Stop, OU Colony, Shaikpet, Manikonda, Hyderabad, Telangana 500104",5,N/A
PEARLS 32 DENTAL CLINIC,098483 89869,"8-3-971/ 201 Katuri Nivas, Srinagar Colony Main Rd, opp. Andhra Bank & Hdfc Banks, Hyderabad, Telangana 500073",4.9,N/A
Global Dental,093924 96215,"Second Floor, 203, above Karachi Bakery, opp. Metro Pillar C1764, Madhapur, Hyderabad, Telangana 500081",4.7,N/A
"Toot Dental - Best Dental Clinic in Nizampet, Hyderabad",092480 41005,"First Floor, Livingston Estate, Nizampet Rd, beside Andhra Bank, Jai Bharat Nagar, Nagarjuna Homes, Nizampet, Hyderabad, Telangana 500085",4.9,N/A
Indo American Dental,063094 34444,"Ameerpet, opposite State home, Sai Sarathi Nagar, Padala Ramareddy Colony, Yousufguda, Hyderabad, Telangana 500073",5,N/A
Partha Dental Clinic | Best Dental Clinic in Banjara Hills,091540 76445,"Road No. 2, opp. lane to Lucid Diagnostics, behind Star Maa, BNR Colony, Venkat Nagar, Banjara Hills, Hyderabad, Telangana 500034",4.8,N/A
Hyderabad dental clinic,081858 54304,"Attapur Saradamma Nilayam, Plot no 27, Street Number 6, opposite to Nath manidweep apartments, Hyderguda, Nalanda Nagar, Srimallenagar Colony, Hyderabad, Upperpally, Telangana 500048",4.9,N/A
VIVEK DENTAL AND IMPLANT CENTER,095818 60260,"1st floor, Vivek Dental, JJ hospital, Road, near JJ hospital, Laxmi Nagar, Kalyan Nagar Phase 1, Hyderabad, Telangana 500038",4.9,N/A
"Area Dental Hospital - Koti, Hyderabad",073060 55550,"A6-A7, 4-1-23, opp. Bank of India, Hanuman Tekdi, Abids, Hyderabad, Telangana 500001",4.7,N/A
